payment_id,order_id,invoice_no,entity_type,method,gross_amount,fee,tax,net_amount,currency,settled,settlement_id,settlement_utr,created_at,settled_at
pay_HT57472004HD,ORD-10001,INV-10001,payment,card,1709.41,40.34,7.26,1661.81,INR,true,setl_50001,8566675767672026,2026-08-02,2026-08-04
pay_YK39750294RG,ORD-10002,INV-10002,payment,card,5508.64,130.0,23.4,5355.24,INR,true,setl_50002,9649469487948324,2026-08-02,2026-08-04
pay_OI88478067HF,ORD-10003,INV-10003,payment,card,7070.96,166.87,30.04,6874.05,INR,true,setl_50003,2749289324638975,2026-08-02,2026-08-04
pay_LT20999483XJ,ORD-10004,INV-10004,payment,card,5505.53,129.93,23.39,5352.21,INR,true,setl_50004,0951906020310029,2026-08-02,2026-08-04
pay_NZ47120168UB,ORD-10005,INV-10005,payment,card,6060.79,143.03,25.75,5892.01,INR,true,setl_50005,3101284555088030,2026-08-03,2026-08-05
pay_XS59283191SM,ORD-10006,INV-10006,payment,card,4723.03,111.46,20.06,4591.51,INR,true,setl_50006,2607859225836416,2026-08-04,2026-08-06
pay_OD62661364JO,ORD-10007,INV-10007,payment,card,1927.48,45.49,8.19,1873.8,INR,true,setl_50007,7275031801779364,2026-08-03,2026-08-05
pay_OB83052661BT,ORD-10008,INV-10008,payment,card,6403.4,151.12,27.2,6225.08,INR,true,setl_50008,9082764538567834,2026-08-03,2026-08-05
pay_HW83550636WC,ORD-10009,INV-10009,payment,card,3843.8,90.71,16.33,3736.76,INR,true,setl_50009,6753317880126612,2026-08-04,2026-08-06
pay_FF66087777UY,ORD-10010,INV-10010,payment,card,1403.98,33.13,5.96,1364.89,INR,true,setl_50010,8997898862975565,2026-08-03,2026-08-05
pay_CM99241763MG,ORD-10012,INV-10012,payment,card,1763.8,41.63,7.49,1714.68,INR,true,setl_50011,6758969392363085,2026-08-03,2026-08-05
pay_OQ79771465FP,ORD-10013,INV-10013,payment,card,5793.63,136.73,24.61,5632.29,INR,true,setl_50012,6950272382430383,2026-08-03,2026-08-05
pay_QT86788050NS,ORD-10014,INV-10014,payment,card,620.6,14.65,2.64,603.31,INR,true,setl_50013,8614487985371735,2026-08-04,2026-08-06
pay_AO77443717IZ,ORD-10015,INV-10015,payment,card,321.48,7.59,1.37,312.52,INR,true,setl_50014,4036567115065148,2026-08-03,2026-08-05
pay_CC02108713ZP,ORD-10016,INV-10016,payment,card,4377.99,103.32,18.6,4256.07,INR,true,setl_50015,6577424887324349,2026-08-04,2026-08-06
pay_HE60804941FH,ORD-10017,INV-10017,payment,card,2987.64,70.51,12.69,2904.44,INR,true,setl_50016,0785187230034305,2026-08-04,2026-08-06
pay_TP52153944ZC,ORD-10019,INV-10019,payment,card,955.77,22.56,4.06,929.15,INR,true,setl_50017,7034815767709721,2026-08-04,2026-08-06
pay_IW46972188NJ,ORD-10020,INV-10020,payment,card,3789.36,89.43,16.1,3683.83,INR,true,setl_50018,2420796788025229,2026-08-05,2026-08-07
pay_WL24456214HD,ORD-10021,INV-10021,payment,card,5075.85,119.79,21.56,4934.5,INR,true,setl_50019,2097474605539180,2026-08-05,2026-08-07
pay_SF27259085YF,ORD-10022,INV-10022,payment,card,1409.87,33.27,5.99,1370.61,INR,true,setl_50020,8838302690455767,2026-08-06,2026-08-08
pay_EY11007933EH,ORD-10023,INV-10023,payment,card,7548.03,178.13,32.06,7337.84,INR,true,setl_50021,4020201587433680,2026-08-07,2026-08-09
pay_ZO46728553TK,ORD-10024,INV-10024,payment,card,5760.34,135.94,24.47,5599.93,INR,true,setl_50022,9109762624003908,2026-08-07,2026-08-09
pay_OD91088046FZ,ORD-10025,INV-10025,payment,card,8915.39,210.4,37.87,8667.12,INR,true,setl_50023,0945458300196459,2026-08-07,2026-08-09
pay_BD65093195QC,ORD-10026,INV-10026,payment,card,4892.27,115.46,20.78,4756.03,INR,true,setl_50024,3857190850276855,2026-08-07,2026-08-09
pay_UG46975753CG,ORD-10027,INV-10027,payment,card,4910.72,115.89,20.86,4773.97,INR,true,setl_50025,9956285384680707,2026-08-09,2026-08-11
pay_AJ77498632RU,ORD-10028,INV-10028,payment,card,1862.75,43.96,7.91,1810.88,INR,true,setl_50026,0908750496620460,2026-08-08,2026-08-10
pay_XQ30766435KK,ORD-10031,INV-10031,payment,card,9714.91,229.27,41.27,9444.37,INR,true,setl_50027,4953910594433811,2026-08-09,2026-08-11
pay_UT70854481ES,ORD-10032,INV-10032,payment,card,4530.68,106.92,19.25,4404.51,INR,true,setl_50028,3130612563407785,2026-08-10,2026-08-12
pay_WO74334379TS,ORD-10033,INV-10033,payment,card,855.71,20.19,3.63,831.89,INR,true,setl_50029,5957074924995573,2026-08-09,2026-08-11
pay_IC92769191YH,ORD-10034,INV-10034,payment,card,1805.04,42.6,7.67,1754.77,INR,true,setl_50030,7316038644797278,2026-08-10,2026-08-12
pay_CV91994792EK,ORD-10035,INV-10035,payment,card,1010.68,23.85,4.29,982.54,INR,true,setl_50031,2354899130777665,2026-08-10,2026-08-12
pay_BY76656727TM,ORD-10036,INV-10036,payment,card,4666.93,110.14,19.83,4536.96,INR,true,setl_50032,4118435250735035,2026-08-10,2026-08-12
pay_FA80335001KV,ORD-10037,INV-10037,payment,card,2391.34,56.44,10.16,2324.74,INR,true,setl_50033,3979456255923017,2026-08-12,2026-08-14
pay_ZU14008099UU,ORD-10039,INV-10039,payment,card,1282.38,30.26,5.45,1246.67,INR,true,setl_50034,7307874067077713,2026-08-11,2026-08-13
pay_XX10181692HY,ORD-10040,INV-10040,payment,card,7184.58,169.56,30.52,6984.5,INR,true,setl_50035,9798288437290053,2026-08-11,2026-08-13
pay_UQ85580177GI,ORD-10042,INV-10042,payment,card,7477.69,176.47,31.76,7269.46,INR,true,setl_50036,9754087690605741,2026-08-12,2026-08-14
pay_WE46022033OM,ORD-10043,INV-10043,payment,card,4079.49,96.28,17.33,3965.88,INR,true,setl_50037,7138713594105205,2026-08-13,2026-08-15
pay_IM56501540MT,ORD-10044,INV-10044,payment,card,7615.65,179.73,32.35,7403.57,INR,true,setl_50038,0109542911841148,2026-08-13,2026-08-15
pay_HN50325609IS,ORD-10045,INV-10045,payment,card,3890.54,91.82,16.53,3782.19,INR,true,setl_50039,5058211810402118,2026-08-14,2026-08-16
pay_BN67228193XI,ORD-10046,INV-10046,payment,card,425.19,10.03,1.81,413.35,INR,true,setl_50040,6085599788078415,2026-08-13,2026-08-15
pay_SJ26065805EI,ORD-10047,INV-10047,payment,card,7676.84,181.17,32.61,7463.06,INR,true,setl_50041,5264484704593693,2026-08-13,2026-08-15
pay_OA79831899TL,ORD-10048,INV-10048,payment,card,4882.77,115.23,20.74,4746.8,INR,true,setl_50042,6346570299197550,2026-08-14,2026-08-16
pay_XE32530254MI,ORD-10049,INV-10049,payment,card,4551.65,107.42,19.34,4424.89,INR,true,setl_50043,4912457227854259,2026-08-13,2026-08-15
pay_CN79832868NT,ORD-10050,INV-10050,payment,card,4103.59,96.84,17.43,3989.32,INR,true,setl_50044,3729014535148277,2026-08-13,2026-08-15
pay_FZ43258742SM,ORD-10051,INV-10051,payment,card,352.33,8.31,1.5,342.52,INR,true,setl_50045,3918273653273332,2026-08-13,2026-08-15
pay_VS14359143RO,ORD-10052,INV-10052,payment,card,661.13,15.6,2.81,642.72,INR,true,setl_50046,4439010147778527,2026-08-13,2026-08-15
pay_NU30156572ZK,ORD-10054,INV-10054,payment,card,5108.71,120.57,21.7,4966.44,INR,true,setl_50047,3833776139678093,2026-08-13,2026-08-15
pay_TX06790386VI,ORD-10055,INV-10055,payment,card,5313.65,125.4,22.57,5165.68,INR,true,setl_50048,4981304256668082,2026-08-14,2026-08-16
pay_XF98415444GY,ORD-10056,INV-10056,payment,card,8530.08,201.31,36.24,8292.53,INR,true,setl_50049,4718793510860440,2026-08-15,2026-08-17
pay_FW82988088DK,ORD-10057,INV-10057,payment,card,5128.77,121.04,21.79,4985.94,INR,true,setl_50050,3269049902876245,2026-08-16,2026-08-18
pay_XF03994406EO,ORD-10058,INV-10058,payment,card,8153.36,192.42,34.64,7926.3,INR,true,setl_50051,3890949580850177,2026-08-16,2026-08-18
pay_IE21379063JR,ORD-10059,INV-10059,payment,card,8198.87,193.49,34.83,7970.55,INR,true,setl_50052,3472106039588883,2026-08-17,2026-08-19
pay_AZ08582294XJ,ORD-10060,INV-10060,payment,card,2563.02,60.49,10.89,2491.64,INR,true,setl_50053,3063991062016212,2026-08-18,2026-08-20
pay_BH77608336NF,ORD-10062,INV-10062,payment,card,2168.01,51.17,9.21,2107.63,INR,true,setl_50054,7011648493119687,2026-08-18,2026-08-20
pay_JN76540035HH,ORD-10063,INV-10063,payment,card,5189.27,122.47,22.04,5044.76,INR,true,setl_50055,5266862899495139,2026-08-18,2026-08-20
pay_UH04603606EQ,ORD-10064,INV-10064,payment,card,9409.57,222.07,39.97,9147.53,INR,true,setl_50056,0001030833570734,2026-08-18,2026-08-20
